File,fold,slice,heads,kernel size,Nf,bestAcc,averAcc
saved_data.npy,0,10,7,51,5,0.19843342036553524,0.19843342036553524
saved_data.npy,1,10,7,51,5,0.22193211488250653,0.22193211488250653
saved_data.npy,0,10,7,51,6,0.2297650130548303,0.2297650130548303
saved_data.npy,1,10,7,51,6,0.1906005221932115,0.1906005221932115
