File,fold,slice,heads,kernel size,Nf,bestAcc,averAcc
saved_data.npy,0,10,5,51,5,0.2402088772845953,0.21801566579634465
saved_data.npy,1,10,5,51,5,0.18798955613577023,0.1866840731070496
saved_data.npy,0,10,5,51,6,0.2010443864229765,0.2010443864229765
saved_data.npy,1,10,5,51,6,0.1906005221932115,0.18929503916449086
saved_data.npy,0,10,7,51,5,0.18798955613577023,0.18276762402088773
saved_data.npy,1,10,7,51,5,0.1801566579634465,0.17754569190600522
saved_data.npy,0,10,7,51,6,0.2010443864229765,0.19973890339425587
saved_data.npy,1,10,7,51,6,0.22715404699738903,0.22715404699738903
